{"cameraMode":{"drawMode":0,"name":"Shaded","section":"Shading Mode"},"sceneLighting":false,"audioPlay":false,"sceneViewState":{"showFog":true,"showMaterialUpdate":false,"showSkybox":false,"showFlares":true,"showImageEffects":true,"showParticleSystems":true},"in2DMode":false,"pivot":{"x":-0.04266327619552612,"y":0.9165422916412354,"z":0.013829926960170269},"rotation":{"x":-0.2872779667377472,"y":-0.5502480864524841,"z":0.20918633043766023,"w":-0.7556053996086121},"size":37.30548858642578,"orthographic":false}