{"cameraMode":{"drawMode":0,"name":"Shaded","section":"Shading Mode"},"sceneLighting":false,"audioPlay":false,"sceneViewState":{"showFog":true,"showMaterialUpdate":false,"showSkybox":false,"showFlares":true,"showImageEffects":true,"showParticleSystems":true},"in2DMode":false,"pivot":{"x":-0.002269372344017029,"y":0.02165050618350506,"z":0.0009358227252960205},"rotation":{"x":-0.2612268030643463,"y":-0.34571927785873415,"z":0.10084065049886704,"w":-0.8955835700035095},"size":50.09814453125,"orthographic":false}