{"cameraMode":{"drawMode":0,"name":"Shaded","section":"Shading Mode"},"sceneLighting":false,"audioPlay":false,"sceneViewState":{"showFog":true,"showMaterialUpdate":false,"showSkybox":false,"showFlares":true,"showImageEffects":true,"showParticleSystems":true},"in2DMode":false,"pivot":{"x":-0.0000019073486328125,"y":1.0821444988250733,"z":-0.0000010479333241164568},"rotation":{"x":0.22143779695034028,"y":0.5913359522819519,"z":-0.17324765026569367,"w":0.7558256387710571},"size":76.03750610351563,"orthographic":false}