{"cameraMode":{"drawMode":0,"name":"Shaded","section":"Shading Mode"},"sceneLighting":true,"audioPlay":false,"sceneViewState":{"showFog":true,"showMaterialUpdate":false,"showSkybox":true,"showFlares":true,"showImageEffects":true,"showParticleSystems":true},"in2DMode":false,"pivot":{"x":30.7287654876709,"y":101.57299041748047,"z":49.66913986206055},"rotation":{"x":0.26020142436027529,"y":0.534733772277832,"z":-0.17744196951389314,"w":0.7841400504112244},"size":19.348560333251954,"orthographic":false}