{"cameraMode":{"drawMode":0,"name":"Shaded","section":"Shading Mode"},"sceneLighting":false,"audioPlay":false,"sceneViewState":{"showFog":true,"showMaterialUpdate":false,"showSkybox":false,"showFlares":true,"showImageEffects":true,"showParticleSystems":true},"in2DMode":false,"pivot":{"x":10.508769989013672,"y":-3.857639789581299,"z":9.256492614746094},"rotation":{"x":0.18032482266426087,"y":0.40121734142303469,"z":-0.08080822229385376,"w":0.8944995999336243},"size":19.452224731445314,"orthographic":false}