{"cameraMode":{"drawMode":0,"name":"Shaded","section":"Shading Mode"},"sceneLighting":false,"audioPlay":false,"sceneViewState":{"showFog":true,"showMaterialUpdate":false,"showSkybox":false,"showFlares":true,"showImageEffects":true,"showParticleSystems":true},"in2DMode":false,"pivot":{"x":-0.05243852734565735,"y":0.9099496603012085,"z":0.23364979028701783},"rotation":{"x":0.01644468680024147,"y":-0.9681535363197327,"z":0.24092727899551392,"w":0.06604868918657303},"size":21.925857543945314,"orthographic":false}