{"cameraMode":{"drawMode":0,"name":"Shaded","section":"Shading Mode"},"sceneLighting":false,"audioPlay":false,"sceneViewState":{"showFog":true,"showMaterialUpdate":false,"showSkybox":false,"showFlares":true,"showImageEffects":true,"showParticleSystems":true},"in2DMode":false,"pivot":{"x":-0.03680419921875,"y":0.09809307754039765,"z":-0.007157768588513136},"rotation":{"x":0.4236094653606415,"y":0.41041991114616396,"z":-0.2241535633802414,"w":0.7758001089096069},"size":18.02276611328125,"orthographic":false}