{"cameraMode":{"drawMode":0,"name":"Shaded","section":"Shading Mode"},"sceneLighting":false,"audioPlay":false,"sceneViewState":{"showFog":true,"showMaterialUpdate":false,"showSkybox":false,"showFlares":true,"showImageEffects":true,"showParticleSystems":true},"in2DMode":false,"pivot":{"x":0.023575425148010255,"y":0.5369628667831421,"z":0.010451042093336583},"rotation":{"x":0.2785092294216156,"y":0.597440242767334,"z":-0.23268529772758485,"w":0.7150911092758179},"size":152.5338134765625,"orthographic":false}