{"cameraMode":{"drawMode":0,"name":"Shaded","section":"Shading Mode"},"sceneLighting":false,"audioPlay":false,"sceneViewState":{"showFog":true,"showMaterialUpdate":false,"showSkybox":false,"showFlares":true,"showImageEffects":true,"showParticleSystems":true},"in2DMode":false,"pivot":{"x":-0.011997699737548828,"y":0.3303646445274353,"z":1.4440697526652002e-8},"rotation":{"x":0.43906521797180178,"y":0.13132116198539735,"z":-0.06504903733730316,"w":0.8864226341247559},"size":59.59572982788086,"orthographic":false}