{"cameraMode":{"drawMode":0,"name":"Shaded","section":"Shading Mode"},"sceneLighting":false,"audioPlay":false,"sceneViewState":{"showFog":true,"showMaterialUpdate":false,"showSkybox":false,"showFlares":true,"showImageEffects":true,"showParticleSystems":true},"in2DMode":false,"pivot":{"x":0.0837283730506897,"y":-0.07001957297325134,"z":0.03297020494937897},"rotation":{"x":0.13037227094173432,"y":0.6655468344688416,"z":-0.1196727529168129,"w":0.7251492738723755},"size":0.3313501477241516,"orthographic":false}