{"cameraMode":{"drawMode":0,"name":"Shaded","section":"Shading Mode"},"sceneLighting":true,"audioPlay":false,"sceneViewState":{"showFog":true,"showMaterialUpdate":false,"showSkybox":true,"showFlares":true,"showImageEffects":true,"showParticleSystems":true},"in2DMode":false,"pivot":{"x":100.2597885131836,"y":56.789031982421878,"z":40.92478942871094},"rotation":{"x":0.21329884231090547,"y":0.6520302295684815,"z":-0.19870753586292268,"w":0.699913740158081},"size":115.2060317993164,"orthographic":false}