{"cameraMode":{"drawMode":0,"name":"Shaded","section":"Shading Mode"},"sceneLighting":false,"audioPlay":false,"sceneViewState":{"showFog":true,"showMaterialUpdate":false,"showSkybox":false,"showFlares":true,"showImageEffects":true,"showParticleSystems":true},"in2DMode":false,"pivot":{"x":-0.15472793579101563,"y":-0.26999807357788088,"z":-0.44925832748413088},"rotation":{"x":0.4151371419429779,"y":0.403861403465271,"z":-0.2130054384469986,"w":0.7869764566421509},"size":8.315922737121582,"orthographic":false}