{"cameraMode":{"drawMode":0,"name":"Shaded","section":"Shading Mode"},"sceneLighting":false,"audioPlay":false,"sceneViewState":{"showFog":true,"showMaterialUpdate":false,"showSkybox":false,"showFlares":true,"showImageEffects":true,"showParticleSystems":true},"in2DMode":false,"pivot":{"x":-0.18122786283493043,"y":0.5663240551948547,"z":-0.019189363345503808},"rotation":{"x":0.3512832820415497,"y":0.1589881032705307,"z":-0.060661885887384418,"w":0.9206753373146057},"size":26.898956298828126,"orthographic":false}