{"cameraMode":{"drawMode":0,"name":"Shaded","section":"Shading Mode"},"sceneLighting":false,"audioPlay":false,"sceneViewState":{"showFog":true,"showMaterialUpdate":false,"showSkybox":false,"showFlares":true,"showImageEffects":true,"showParticleSystems":true},"in2DMode":false,"pivot":{"x":0.12970364093780518,"y":0.8139442205429077,"z":-0.10657739639282227},"rotation":{"x":-0.018130207434296609,"y":-0.9619162082672119,"z":0.26466524600982668,"w":-0.06588583439588547},"size":51.735984802246097,"orthographic":false}