{"cameraMode":{"drawMode":0,"name":"Shaded","section":"Shading Mode"},"sceneLighting":false,"audioPlay":false,"sceneViewState":{"showFog":true,"showMaterialUpdate":false,"showSkybox":false,"showFlares":true,"showImageEffects":true,"showParticleSystems":true},"in2DMode":false,"pivot":{"x":-0.23738312721252442,"y":0.9141937494277954,"z":-0.3224087655544281},"rotation":{"x":0.44430649280548098,"y":0.31477296352386477,"z":-0.17028862237930299,"w":0.8212864995002747},"size":117.09017944335938,"orthographic":false}