{"cameraMode":{"drawMode":0,"name":"Shaded","section":"Shading Mode"},"sceneLighting":false,"audioPlay":false,"sceneViewState":{"showFog":true,"showMaterialUpdate":false,"showSkybox":false,"showFlares":true,"showImageEffects":true,"showParticleSystems":true},"in2DMode":false,"pivot":{"x":0.9525148868560791,"y":0.5667006969451904,"z":-0.22243022918701173},"rotation":{"x":0.18207110464572907,"y":0.2307746708393097,"z":-0.04394251108169556,"w":0.9548870921134949},"size":7.210561275482178,"orthographic":false}