{"cameraMode":{"drawMode":0,"name":"Shaded","section":"Shading Mode"},"sceneLighting":false,"audioPlay":false,"sceneViewState":{"showFog":true,"showMaterialUpdate":false,"showSkybox":false,"showFlares":true,"showImageEffects":true,"showParticleSystems":true},"in2DMode":false,"pivot":{"x":0.01583726704120636,"y":-0.22885310649871827,"z":1.6838116645812989},"rotation":{"x":0.18632562458515168,"y":-0.02939119003713131,"z":0.005679712630808353,"w":0.9820786714553833},"size":3.4871246814727785,"orthographic":false}