{"cameraMode":{"drawMode":0,"name":"Shaded","section":"Shading Mode"},"sceneLighting":false,"audioPlay":false,"sceneViewState":{"showFog":true,"showMaterialUpdate":false,"showSkybox":false,"showFlares":true,"showImageEffects":true,"showParticleSystems":true},"in2DMode":false,"pivot":{"x":0.06255018711090088,"y":-0.6373388767242432,"z":0.5155558586120606},"rotation":{"x":0.382474809885025,"y":0.2330848127603531,"z":-0.10031783580780029,"w":0.8884798884391785},"size":3.9164998531341554,"orthographic":false}