{"cameraMode":{"drawMode":0,"name":"Shaded","section":"Shading Mode"},"sceneLighting":false,"audioPlay":false,"sceneViewState":{"showFog":true,"showMaterialUpdate":false,"showSkybox":false,"showFlares":true,"showImageEffects":true,"showParticleSystems":true},"in2DMode":false,"pivot":{"x":0.0,"y":0.2687969505786896,"z":-0.03141282871365547},"rotation":{"x":0.1866176724433899,"y":-0.17518870532512666,"z":0.03380630910396576,"w":0.9660952091217041},"size":43.420719146728519,"orthographic":false}