{"cameraMode":{"drawMode":0,"name":"Shaded","section":"Shading Mode"},"sceneLighting":false,"audioPlay":false,"sceneViewState":{"showFog":true,"showMaterialUpdate":false,"showSkybox":false,"showFlares":true,"showImageEffects":true,"showParticleSystems":true},"in2DMode":false,"pivot":{"x":2.4498608112335207,"y":-1.870137095451355,"z":-13.731317520141602},"rotation":{"x":0.009605079889297486,"y":0.98995041847229,"z":-0.1136561706662178,"w":0.0836515799164772},"size":16.688650131225587,"orthographic":false}