{"cameraMode":{"drawMode":0,"name":"Shaded","section":"Shading Mode"},"sceneLighting":false,"audioPlay":false,"sceneViewState":{"showFog":true,"showMaterialUpdate":false,"showSkybox":false,"showFlares":true,"showImageEffects":true,"showParticleSystems":true},"in2DMode":false,"pivot":{"x":2.9802322387695315e-8,"y":0.274519145488739,"z":-0.030395526438951494},"rotation":{"x":0.37203022837638857,"y":0.16709476709365846,"z":-0.06827529519796372,"w":0.9105005860328674},"size":43.78683853149414,"orthographic":false}