{"cameraMode":{"drawMode":0,"name":"Shaded","section":"Shading Mode"},"sceneLighting":false,"audioPlay":false,"sceneViewState":{"showFog":true,"showMaterialUpdate":false,"showSkybox":false,"showFlares":true,"showImageEffects":true,"showParticleSystems":true},"in2DMode":false,"pivot":{"x":0.0007331371307373047,"y":0.12485794723033905,"z":-0.05464261397719383},"rotation":{"x":0.4940134882926941,"y":0.2917214035987854,"z":-0.18043038249015809,"w":0.798933207988739},"size":30.03067970275879,"orthographic":false}