{"cameraMode":{"drawMode":0,"name":"Shaded","section":"Shading Mode"},"sceneLighting":false,"audioPlay":false,"sceneViewState":{"showFog":true,"showMaterialUpdate":false,"showSkybox":false,"showFlares":true,"showImageEffects":true,"showParticleSystems":true},"in2DMode":false,"pivot":{"x":-0.0013996362686157227,"y":0.1370483934879303,"z":-0.048668377101421359},"rotation":{"x":-0.7090693116188049,"y":0.03336842358112335,"z":-0.033656418323516849,"w":-0.7035442590713501},"size":26.538328170776368,"orthographic":false}