{"cameraMode":{"drawMode":0,"name":"Shaded","section":"Shading Mode"},"sceneLighting":true,"audioPlay":false,"sceneViewState":{"showFog":true,"showMaterialUpdate":false,"showSkybox":false,"showFlares":true,"showImageEffects":true,"showParticleSystems":true},"in2DMode":false,"pivot":{"x":2.1604208946228029,"y":-0.6008689403533936,"z":0.9485790133476257},"rotation":{"x":0.1685129553079605,"y":0.6255854368209839,"z":-0.14081762731075288,"w":0.7486820220947266},"size":5.122278213500977,"orthographic":false}