{"cameraMode":{"drawMode":0,"name":"Shaded","section":"Shading Mode"},"sceneLighting":false,"audioPlay":false,"sceneViewState":{"showFog":true,"showMaterialUpdate":false,"showSkybox":false,"showFlares":true,"showImageEffects":true,"showParticleSystems":true},"in2DMode":false,"pivot":{"x":0.761264443397522,"y":-1.1203583478927613,"z":1.4474527835845948},"rotation":{"x":0.2873152792453766,"y":0.21597787737846375,"z":-0.06666573882102967,"w":0.9307939410209656},"size":2.5140492916107179,"orthographic":false}