{"cameraMode":{"drawMode":0,"name":"Shaded","section":"Shading Mode"},"sceneLighting":false,"audioPlay":false,"sceneViewState":{"showFog":true,"showMaterialUpdate":false,"showSkybox":false,"showFlares":true,"showImageEffects":true,"showParticleSystems":true},"in2DMode":false,"pivot":{"x":0.0,"y":0.10980471968650818,"z":-7.450580596923828e-9},"rotation":{"x":-0.11782200634479523,"y":-0.8735604286193848,"z":0.2619282007217407,"w":-0.3929494023323059},"size":0.6326999068260193,"orthographic":false}