{"cameraMode":{"drawMode":0,"name":"Shaded","section":"Shading Mode"},"sceneLighting":false,"audioPlay":false,"sceneViewState":{"showFog":true,"showMaterialUpdate":false,"showSkybox":false,"showFlares":true,"showImageEffects":true,"showParticleSystems":true},"in2DMode":false,"pivot":{"x":-0.0005759596824645996,"y":0.5380254983901978,"z":0.00021150079555809498},"rotation":{"x":0.25596046447753909,"y":0.6394794583320618,"z":-0.2391630858182907,"w":0.68436199426651},"size":75.90139770507813,"orthographic":false}