{"cameraMode":{"drawMode":0,"name":"Shaded","section":"Shading Mode"},"sceneLighting":false,"audioPlay":false,"sceneViewState":{"showFog":true,"showMaterialUpdate":false,"showSkybox":false,"showFlares":true,"showImageEffects":true,"showParticleSystems":true},"in2DMode":false,"pivot":{"x":0.05553793907165527,"y":0.7591208219528198,"z":0.01964426040649414},"rotation":{"x":-0.018130207434296609,"y":-0.9619162082672119,"z":0.26466524600982668,"w":-0.06588583439588547},"size":77.10712432861328,"orthographic":false}