{"cameraMode":{"drawMode":0,"name":"Shaded","section":"Shading Mode"},"sceneLighting":true,"audioPlay":false,"sceneViewState":{"showFog":true,"showMaterialUpdate":false,"showSkybox":true,"showFlares":true,"showImageEffects":true,"showParticleSystems":true},"in2DMode":false,"pivot":{"x":80.29258728027344,"y":65.36834716796875,"z":60.99703598022461},"rotation":{"x":-0.23018206655979157,"y":-0.5914178490638733,"z":0.18120525777339936,"w":-0.7512691617012024},"size":74.64302062988281,"orthographic":false}