{"cameraMode":{"drawMode":0,"name":"Shaded","section":"Shading Mode"},"sceneLighting":false,"audioPlay":false,"sceneViewState":{"showFog":true,"showMaterialUpdate":false,"showSkybox":false,"showFlares":true,"showImageEffects":true,"showParticleSystems":true},"in2DMode":false,"pivot":{"x":1.999833106994629,"y":-1.5193166732788087,"z":2.4502763748168947},"rotation":{"x":0.3196846544742584,"y":0.4043053984642029,"z":-0.1532440185546875,"w":0.8431220054626465},"size":28.978500366210939,"orthographic":false}