{"cameraMode":{"drawMode":0,"name":"Shaded","section":"Shading Mode"},"sceneLighting":false,"audioPlay":false,"sceneViewState":{"showFog":true,"showMaterialUpdate":false,"showSkybox":false,"showFlares":true,"showImageEffects":true,"showParticleSystems":true},"in2DMode":false,"pivot":{"x":4.470348358154297e-8,"y":0.10774989426136017,"z":0.002739046700298786},"rotation":{"x":-0.1694156527519226,"y":-0.6407264471054077,"z":0.14786852896213532,"w":-0.7341001033782959},"size":8.866218566894532,"orthographic":false}