{"cameraMode":{"drawMode":0,"name":"Shaded","section":"Shading Mode"},"sceneLighting":false,"audioPlay":false,"sceneViewState":{"showFog":true,"showMaterialUpdate":false,"showSkybox":false,"showFlares":true,"showImageEffects":true,"showParticleSystems":true},"in2DMode":false,"pivot":{"x":0.034241676330566409,"y":0.7919530868530273,"z":0.15541937947273255},"rotation":{"x":0.2315901815891266,"y":0.5176395773887634,"z":-0.14795224368572236,"w":0.8102625608444214},"size":77.58245849609375,"orthographic":false}