{"cameraMode":{"drawMode":0,"name":"Shaded","section":"Shading Mode"},"sceneLighting":false,"audioPlay":false,"sceneViewState":{"showFog":true,"showMaterialUpdate":false,"showSkybox":false,"showFlares":true,"showImageEffects":true,"showParticleSystems":true},"in2DMode":false,"pivot":{"x":0.0,"y":0.04422230273485184,"z":1.933018189959057e-9},"rotation":{"x":0.35378482937812807,"y":0.2079733908176422,"z":-0.08091304451227188,"w":0.9083151817321777},"size":14.3538179397583,"orthographic":false}