{"cameraMode":{"drawMode":0,"name":"Shaded","section":"Shading Mode"},"sceneLighting":false,"audioPlay":false,"sceneViewState":{"showFog":true,"showMaterialUpdate":false,"showSkybox":false,"showFlares":true,"showImageEffects":true,"showParticleSystems":true},"in2DMode":false,"pivot":{"x":-5.196542739868164,"y":1.3930416107177735,"z":-0.6894329786300659},"rotation":{"x":0.15431658923625947,"y":0.07711461186408997,"z":-0.012023240327835083,"w":0.9850091934204102},"size":0.8999428153038025,"orthographic":false}