{"cameraMode":{"drawMode":0,"name":"Shaded","section":"Shading Mode"},"sceneLighting":false,"audioPlay":false,"sceneViewState":{"showFog":true,"showMaterialUpdate":false,"showSkybox":false,"showFlares":true,"showImageEffects":true,"showParticleSystems":true},"in2DMode":false,"pivot":{"x":-0.01760907843708992,"y":1.0004812479019166,"z":0.3505859375},"rotation":{"x":-0.004451192915439606,"y":0.8048128485679627,"z":0.006036211270838976,"w":0.5934814810752869},"size":2.4199485778808595,"orthographic":true}