{"cameraMode":{"drawMode":0,"name":"Shaded","section":"Shading Mode"},"sceneLighting":false,"audioPlay":false,"sceneViewState":{"showFog":true,"showMaterialUpdate":false,"showSkybox":false,"showFlares":true,"showImageEffects":true,"showParticleSystems":true},"in2DMode":false,"pivot":{"x":0.05545663833618164,"y":0.6068428754806519,"z":-0.07505235075950623},"rotation":{"x":-0.1164754256606102,"y":-0.8780755996704102,"z":0.2719206213951111,"w":-0.3761329650878906},"size":29.946842193603517,"orthographic":false}