{"cameraMode":{"drawMode":0,"name":"Shaded","section":"Shading Mode"},"sceneLighting":false,"audioPlay":false,"sceneViewState":{"showFog":true,"showMaterialUpdate":false,"showSkybox":false,"showFlares":true,"showImageEffects":true,"showParticleSystems":true},"in2DMode":false,"pivot":{"x":0.0,"y":0.12842729687690736,"z":0.0004963632673025131},"rotation":{"x":-0.2872779667377472,"y":-0.5502480864524841,"z":0.20918633043766023,"w":-0.7556053996086121},"size":21.661935806274415,"orthographic":false}