{"cameraMode":{"drawMode":0,"name":"Shaded","section":"Shading Mode"},"sceneLighting":false,"audioPlay":false,"sceneViewState":{"showFog":true,"showMaterialUpdate":false,"showSkybox":false,"showFlares":true,"showImageEffects":true,"showParticleSystems":true},"in2DMode":false,"pivot":{"x":0.7659363746643066,"y":0.4758134186267853,"z":-0.7666134834289551},"rotation":{"x":0.17440710961818696,"y":0.36522915959358218,"z":-0.06985670328140259,"w":0.911761999130249},"size":77.43584442138672,"orthographic":false}