{"cameraMode":{"drawMode":0,"name":"Shaded","section":"Shading Mode"},"sceneLighting":false,"audioPlay":false,"sceneViewState":{"showFog":true,"showMaterialUpdate":false,"showSkybox":false,"showFlares":true,"showImageEffects":true,"showParticleSystems":true},"in2DMode":false,"pivot":{"x":0.000011444091796875,"y":6.104987621307373,"z":0.14393198490142823},"rotation":{"x":0.20227652788162232,"y":0.4811374545097351,"z":-0.11513365060091019,"w":0.8452033400535584},"size":124.08888244628906,"orthographic":false}