{"cameraMode":{"drawMode":0,"name":"Shaded","section":"Shading Mode"},"sceneLighting":true,"audioPlay":false,"sceneViewState":{"showFog":true,"showMaterialUpdate":false,"showSkybox":true,"showFlares":true,"showImageEffects":true,"showParticleSystems":true},"in2DMode":false,"pivot":{"x":47.66936111450195,"y":93.35192108154297,"z":51.8481330871582},"rotation":{"x":-0.1963701695203781,"y":-0.6033138036727905,"z":0.15648885071277619,"w":-0.7569656372070313},"size":30.464176177978517,"orthographic":false}