{"cameraMode":{"drawMode":0,"name":"Shaded","section":"Shading Mode"},"sceneLighting":false,"audioPlay":false,"sceneViewState":{"showFog":true,"showMaterialUpdate":false,"showSkybox":false,"showFlares":true,"showImageEffects":true,"showParticleSystems":true},"in2DMode":false,"pivot":{"x":0.19999998807907105,"y":0.25,"z":0.20000003278255464},"rotation":{"x":-0.24986030161380769,"y":-0.3862122595310211,"z":0.10951604694128037,"w":-0.8811463713645935},"size":3.292905807495117,"orthographic":false}