{"cameraMode":{"drawMode":0,"name":"Shaded","section":"Shading Mode"},"sceneLighting":false,"audioPlay":false,"sceneViewState":{"showFog":true,"showMaterialUpdate":false,"showSkybox":false,"showFlares":true,"showImageEffects":true,"showParticleSystems":true},"in2DMode":false,"pivot":{"x":-2.384185791015625e-7,"y":1.0261811017990113,"z":0.9989274144172669},"rotation":{"x":0.22143779695034028,"y":0.5913359522819519,"z":-0.17324765026569367,"w":0.7558256387710571},"size":85.96709442138672,"orthographic":false}