{"cameraMode":{"drawMode":0,"name":"Shaded","section":"Shading Mode"},"sceneLighting":false,"audioPlay":false,"sceneViewState":{"showFog":true,"showMaterialUpdate":false,"showSkybox":false,"showFlares":true,"showImageEffects":true,"showParticleSystems":true},"in2DMode":false,"pivot":{"x":0.5497691631317139,"y":1.4389431476593018,"z":0.2052828073501587},"rotation":{"x":0.13115021586418153,"y":0.7875991463661194,"z":-0.17976368963718415,"w":0.574607789516449},"size":4.980841636657715,"orthographic":false}