{"cameraMode":{"drawMode":0,"name":"Shaded","section":"Shading Mode"},"sceneLighting":false,"audioPlay":false,"sceneViewState":{"showFog":true,"showMaterialUpdate":false,"showSkybox":false,"showFlares":true,"showImageEffects":true,"showParticleSystems":true},"in2DMode":false,"pivot":{"x":-1.3690396547317505,"y":0.29616808891296389,"z":-3.2707459926605226},"rotation":{"x":-0.03981354460120201,"y":0.9568189382553101,"z":-0.1617903858423233,"w":-0.23819537460803986},"size":4.715620040893555,"orthographic":false}