{"cameraMode":{"drawMode":0,"name":"Shaded","section":"Shading Mode"},"sceneLighting":false,"audioPlay":false,"sceneViewState":{"showFog":true,"showMaterialUpdate":false,"showSkybox":false,"showFlares":true,"showImageEffects":true,"showParticleSystems":true},"in2DMode":false,"pivot":{"x":-0.07170915603637696,"y":0.8890911340713501,"z":0.10316518694162369},"rotation":{"x":0.07235550135374069,"y":0.6687230467796326,"z":-0.06558046489953995,"w":0.7370707988739014},"size":43.444454193115237,"orthographic":false}