{"cameraMode":{"drawMode":0,"name":"Shaded","section":"Shading Mode"},"sceneLighting":false,"audioPlay":false,"sceneViewState":{"showFog":true,"showMaterialUpdate":false,"showSkybox":false,"showFlares":true,"showImageEffects":true,"showParticleSystems":true},"in2DMode":false,"pivot":{"x":-0.052571773529052737,"y":1.7828660011291505,"z":5.547686896534287e-7},"rotation":{"x":-0.018130207434296609,"y":-0.9619162082672119,"z":0.26466524600982668,"w":-0.06588583439588547},"size":90.75115966796875,"orthographic":false}