{"cameraMode":{"drawMode":0,"name":"Shaded","section":"Shading Mode"},"sceneLighting":false,"audioPlay":false,"sceneViewState":{"showFog":true,"showMaterialUpdate":false,"showSkybox":false,"showFlares":true,"showImageEffects":true,"showParticleSystems":true},"in2DMode":false,"pivot":{"x":0.0,"y":0.26567161083221438,"z":-0.03672701492905617},"rotation":{"x":0.14878517389297486,"y":0.11160050332546234,"z":-0.01693056896328926,"w":0.9824061393737793},"size":47.06391525268555,"orthographic":false}