{"cameraMode":{"drawMode":0,"name":"Shaded","section":"Shading Mode"},"sceneLighting":false,"audioPlay":false,"sceneViewState":{"showFog":true,"showMaterialUpdate":false,"showSkybox":false,"showFlares":true,"showImageEffects":true,"showParticleSystems":true},"in2DMode":false,"pivot":{"x":-5.628828525543213,"y":-0.22725296020507813,"z":3.188105821609497},"rotation":{"x":0.08529870957136154,"y":-0.5355411767959595,"z":0.054515473544597629,"w":0.8385095596313477},"size":8.909384727478028,"orthographic":false}