{"cameraMode":{"drawMode":0,"name":"Shaded","section":"Shading Mode"},"sceneLighting":false,"audioPlay":false,"sceneViewState":{"showFog":true,"showMaterialUpdate":false,"showSkybox":false,"showFlares":true,"showImageEffects":true,"showParticleSystems":true},"in2DMode":false,"pivot":{"x":0.7659363746643066,"y":0.4758133888244629,"z":-0.7666134834289551},"rotation":{"x":-0.018130207434296609,"y":-0.9619162082672119,"z":0.26466524600982668,"w":-0.06588583439588547},"size":44.46488571166992,"orthographic":false}