{"cameraMode":{"drawMode":0,"name":"Shaded","section":"Shading Mode"},"sceneLighting":false,"audioPlay":false,"sceneViewState":{"showFog":true,"showMaterialUpdate":false,"showSkybox":false,"showFlares":true,"showImageEffects":true,"showParticleSystems":true},"in2DMode":false,"pivot":{"x":0.01825118064880371,"y":1.726194143295288,"z":0.9565590023994446},"rotation":{"x":0.05594971403479576,"y":0.9437766671180725,"z":-0.2183910310268402,"w":0.2417864203453064},"size":58.6181526184082,"orthographic":false}