{"cameraMode":{"drawMode":0,"name":"Shaded","section":"Shading Mode"},"sceneLighting":false,"audioPlay":false,"sceneViewState":{"showFog":true,"showMaterialUpdate":false,"showSkybox":false,"showFlares":true,"showImageEffects":true,"showParticleSystems":true},"in2DMode":false,"pivot":{"x":0.043938398361206058,"y":0.02292454242706299,"z":2.420994281768799},"rotation":{"x":0.08719059824943543,"y":-0.01732012815773487,"z":0.0014841837109997869,"w":0.9960811138153076},"size":4.7396650314331059,"orthographic":false}