{"cameraMode":{"drawMode":0,"name":"Shaded","section":"Shading Mode"},"sceneLighting":false,"audioPlay":false,"sceneViewState":{"showFog":true,"showMaterialUpdate":false,"showSkybox":false,"showFlares":true,"showImageEffects":true,"showParticleSystems":true},"in2DMode":false,"pivot":{"x":0.018030494451522828,"y":0.09539899975061417,"z":-0.00044902742956764996},"rotation":{"x":0.05594971403479576,"y":0.9437766671180725,"z":-0.2183910310268402,"w":0.2417864203453064},"size":65.16887664794922,"orthographic":false}