{"cameraMode":{"drawMode":0,"name":"Shaded","section":"Shading Mode"},"sceneLighting":false,"audioPlay":false,"sceneViewState":{"showFog":true,"showMaterialUpdate":false,"showSkybox":false,"showFlares":true,"showImageEffects":true,"showParticleSystems":true},"in2DMode":false,"pivot":{"x":1.5941944122314454,"y":-4.047245025634766,"z":-0.9832361936569214},"rotation":{"x":-0.3058237135410309,"y":-0.6440421938896179,"z":0.3142194151878357,"w":-0.626875638961792},"size":24.51858901977539,"orthographic":false}