{"cameraMode":{"drawMode":0,"name":"Shaded","section":"Shading Mode"},"sceneLighting":false,"audioPlay":false,"sceneViewState":{"showFog":true,"showMaterialUpdate":false,"showSkybox":false,"showFlares":true,"showImageEffects":true,"showParticleSystems":true},"in2DMode":false,"pivot":{"x":3.5013327598571779,"y":1.9676860570907593,"z":0.6573483943939209},"rotation":{"x":0.09076791256666184,"y":0.6477392315864563,"z":-0.07808829843997956,"w":0.7523951530456543},"size":8.472679138183594,"orthographic":false}