{"cameraMode":{"drawMode":0,"name":"Shaded","section":"Shading Mode"},"sceneLighting":false,"audioPlay":false,"sceneViewState":{"showFog":true,"showMaterialUpdate":false,"showSkybox":false,"showFlares":true,"showImageEffects":true,"showParticleSystems":true},"in2DMode":false,"pivot":{"x":0.0,"y":0.34883207082748415,"z":1.5247934470608017e-8},"rotation":{"x":0.37578678131103518,"y":0.37647920846939089,"z":-0.1705666482448578,"w":0.8294304013252258},"size":48.498252868652347,"orthographic":false}