{"cameraMode":{"drawMode":0,"name":"Shaded","section":"Shading Mode"},"sceneLighting":false,"audioPlay":false,"sceneViewState":{"showFog":true,"showMaterialUpdate":false,"showSkybox":false,"showFlares":true,"showImageEffects":true,"showParticleSystems":true},"in2DMode":false,"pivot":{"x":0.009650230407714844,"y":0.041971605271101,"z":0.010779276490211487},"rotation":{"x":-0.25739458203315737,"y":-0.4163113534450531,"z":0.12414636462926865,"w":-0.8631457686424255},"size":10.859737396240235,"orthographic":false}