{"cameraMode":{"drawMode":0,"name":"Shaded","section":"Shading Mode"},"sceneLighting":false,"audioPlay":false,"sceneViewState":{"showFog":true,"showMaterialUpdate":false,"showSkybox":false,"showFlares":true,"showImageEffects":true,"showParticleSystems":true},"in2DMode":false,"pivot":{"x":-0.0000030994415283203127,"y":1.106677532196045,"z":-0.000003244782192268758},"rotation":{"x":0.22143779695034028,"y":0.5913359522819519,"z":-0.17324765026569367,"w":0.7558256387710571},"size":88.1855239868164,"orthographic":false}