{"cameraMode":{"drawMode":0,"name":"Shaded","section":"Shading Mode"},"sceneLighting":false,"audioPlay":false,"sceneViewState":{"showFog":true,"showMaterialUpdate":false,"showSkybox":false,"showFlares":true,"showImageEffects":true,"showParticleSystems":true},"in2DMode":false,"pivot":{"x":0.33424878120422366,"y":1.0246156454086304,"z":-0.9835143089294434},"rotation":{"x":0.03793018311262131,"y":0.9580761194229126,"z":-0.15098123252391816,"w":0.24053576588630677},"size":3.452495574951172,"orthographic":false}