{"cameraMode":{"drawMode":0,"name":"Shaded","section":"Shading Mode"},"sceneLighting":false,"audioPlay":false,"sceneViewState":{"showFog":true,"showMaterialUpdate":false,"showSkybox":false,"showFlares":true,"showImageEffects":true,"showParticleSystems":true},"in2DMode":false,"pivot":{"x":0.0000035017728805541994,"y":1.2899185419082642,"z":8.618645352953536e-8},"rotation":{"x":0.3454756736755371,"y":0.5594934225082398,"z":-0.27567461133003237,"w":0.7011542320251465},"size":58.10955047607422,"orthographic":false}