{"cameraMode":{"drawMode":0,"name":"Shaded","section":"Shading Mode"},"sceneLighting":false,"audioPlay":false,"sceneViewState":{"showFog":true,"showMaterialUpdate":false,"showSkybox":false,"showFlares":true,"showImageEffects":true,"showParticleSystems":true},"in2DMode":false,"pivot":{"x":159.81065368652345,"y":18.65282440185547,"z":134.08253479003907},"rotation":{"x":0.1843959391117096,"y":0.35220104455947878,"z":-0.07099086046218872,"w":0.9148311614990234},"size":123.02554321289063,"orthographic":false}