{"cameraMode":{"drawMode":0,"name":"Shaded","section":"Shading Mode"},"sceneLighting":true,"audioPlay":false,"sceneViewState":{"showFog":true,"showMaterialUpdate":false,"showSkybox":true,"showFlares":true,"showImageEffects":true,"showParticleSystems":true},"in2DMode":false,"pivot":{"x":25.273326873779298,"y":68.95101928710938,"z":29.20984649658203},"rotation":{"x":0.26700225472450259,"y":0.6001186370849609,"z":-0.22240370512008668,"w":0.7204940319061279},"size":82.2626953125,"orthographic":false}