{"cameraMode":{"drawMode":0,"name":"Shaded","section":"Shading Mode"},"sceneLighting":false,"audioPlay":false,"sceneViewState":{"showFog":true,"showMaterialUpdate":false,"showSkybox":false,"showFlares":true,"showImageEffects":true,"showParticleSystems":true},"in2DMode":false,"pivot":{"x":-0.047175027430057529,"y":1.454289197921753,"z":-2.0798439979553224},"rotation":{"x":0.0002063585416181013,"y":0.9980894327163696,"z":-0.061770036816596988,"w":0.003294547088444233},"size":5.367829322814941,"orthographic":false}