{"cameraMode":{"drawMode":0,"name":"Shaded","section":"Shading Mode"},"sceneLighting":false,"audioPlay":false,"sceneViewState":{"showFog":true,"showMaterialUpdate":false,"showSkybox":false,"showFlares":true,"showImageEffects":true,"showParticleSystems":true},"in2DMode":false,"pivot":{"x":-1.4551324844360352,"y":0.5922195911407471,"z":0.9626135230064392},"rotation":{"x":0.12208788841962815,"y":-0.5656182765960693,"z":0.08515799045562744,"w":0.8112139105796814},"size":3.573464870452881,"orthographic":false}