{"cameraMode":{"drawMode":0,"name":"Shaded","section":"Shading Mode"},"sceneLighting":false,"audioPlay":false,"sceneViewState":{"showFog":true,"showMaterialUpdate":false,"showSkybox":false,"showFlares":true,"showImageEffects":true,"showParticleSystems":true},"in2DMode":false,"pivot":{"x":0.003840819001197815,"y":0.014300486072897911,"z":-0.0026668310165405275},"rotation":{"x":-0.3947650194168091,"y":-0.17924658954143525,"z":0.07882730662822724,"w":-0.8976734280586243},"size":21.462034225463868,"orthographic":false}