{"cameraMode":{"drawMode":0,"name":"Shaded","section":"Shading Mode"},"sceneLighting":false,"audioPlay":false,"sceneViewState":{"showFog":true,"showMaterialUpdate":false,"showSkybox":false,"showFlares":true,"showImageEffects":true,"showParticleSystems":true},"in2DMode":false,"pivot":{"x":-0.000005245208740234375,"y":1.0399694442749024,"z":-7.29401847365807e-7},"rotation":{"x":0.22143779695034028,"y":0.5913359522819519,"z":-0.17324765026569367,"w":0.7558256387710571},"size":60.531150817871097,"orthographic":false}