{"cameraMode":{"drawMode":0,"name":"Shaded","section":"Shading Mode"},"sceneLighting":false,"audioPlay":false,"sceneViewState":{"showFog":true,"showMaterialUpdate":false,"showSkybox":false,"showFlares":true,"showImageEffects":true,"showParticleSystems":true},"in2DMode":false,"pivot":{"x":0.004936138167977333,"y":0.06899422407150269,"z":0.0012747561559081078},"rotation":{"x":0.19981469213962556,"y":0.6327158808708191,"z":-0.17364327609539033,"w":0.7278226613998413},"size":1.5231001377105713,"orthographic":false}