{"cameraMode":{"drawMode":0,"name":"Shaded","section":"Shading Mode"},"sceneLighting":false,"audioPlay":false,"sceneViewState":{"showFog":true,"showMaterialUpdate":false,"showSkybox":false,"showFlares":true,"showImageEffects":true,"showParticleSystems":true},"in2DMode":false,"pivot":{"x":0.01825118064880371,"y":1.726194143295288,"z":0.9565589427947998},"rotation":{"x":-0.05088195204734802,"y":-0.9382903575897217,"z":0.15710358321666718,"w":-0.30387628078460696},"size":56.68050003051758,"orthographic":false}