{"cameraMode":{"drawMode":0,"name":"Shaded","section":"Shading Mode"},"sceneLighting":false,"audioPlay":false,"sceneViewState":{"showFog":true,"showMaterialUpdate":false,"showSkybox":false,"showFlares":true,"showImageEffects":true,"showParticleSystems":true},"in2DMode":false,"pivot":{"x":-0.019490957260131837,"y":0.24750810861587525,"z":0.06455981731414795},"rotation":{"x":0.2925911247730255,"y":0.4456859230995178,"z":-0.15684281289577485,"w":0.8313572406768799},"size":25.79059410095215,"orthographic":false}