{"cameraMode":{"drawMode":0,"name":"Shaded","section":"Shading Mode"},"sceneLighting":false,"audioPlay":false,"sceneViewState":{"showFog":true,"showMaterialUpdate":false,"showSkybox":false,"showFlares":true,"showImageEffects":true,"showParticleSystems":true},"in2DMode":false,"pivot":{"x":0.0023532062768936159,"y":0.010409653186798096,"z":0.0029766112565994264},"rotation":{"x":0.26366105675697329,"y":0.4235258400440216,"z":-0.1302943080663681,"w":0.8568596243858337},"size":3.0164997577667238,"orthographic":false}