{"cameraMode":{"drawMode":0,"name":"Shaded","section":"Shading Mode"},"sceneLighting":false,"audioPlay":false,"sceneViewState":{"showFog":true,"showMaterialUpdate":false,"showSkybox":false,"showFlares":true,"showImageEffects":true,"showParticleSystems":true},"in2DMode":false,"pivot":{"x":1.4901161193847657e-8,"y":-6.594394363901301e-9,"z":0.27869921922683718},"rotation":{"x":0.29261183738708498,"y":0.3369673192501068,"z":-0.11101032048463822,"w":0.8879797458648682},"size":20.90944480895996,"orthographic":false}