{"cameraMode":{"drawMode":0,"name":"Shaded","section":"Shading Mode"},"sceneLighting":false,"audioPlay":false,"sceneViewState":{"showFog":true,"showMaterialUpdate":false,"showSkybox":false,"showFlares":true,"showImageEffects":true,"showParticleSystems":true},"in2DMode":false,"pivot":{"x":0.000500112771987915,"y":0.03944128751754761,"z":0.0020799131598323585},"rotation":{"x":0.4236094653606415,"y":0.41041991114616396,"z":-0.2241535633802414,"w":0.7758001089096069},"size":17.743270874023439,"orthographic":false}