{"cameraMode":{"drawMode":0,"name":"Shaded","section":"Shading Mode"},"sceneLighting":false,"audioPlay":false,"sceneViewState":{"showFog":true,"showMaterialUpdate":false,"showSkybox":false,"showFlares":true,"showImageEffects":true,"showParticleSystems":true},"in2DMode":false,"pivot":{"x":-0.4199025630950928,"y":0.9155640006065369,"z":-0.2143525630235672},"rotation":{"x":0.2315901815891266,"y":0.5176395773887634,"z":-0.14795224368572236,"w":0.8102625608444214},"size":93.27336120605469,"orthographic":false}