{"cameraMode":{"drawMode":0,"name":"Shaded","section":"Shading Mode"},"sceneLighting":false,"audioPlay":false,"sceneViewState":{"showFog":true,"showMaterialUpdate":false,"showSkybox":false,"showFlares":true,"showImageEffects":true,"showParticleSystems":true},"in2DMode":false,"pivot":{"x":0.0,"y":0.16286657750606538,"z":-7.782036348658039e-9},"rotation":{"x":0.3134590983390808,"y":0.6438310146331787,"z":-0.32737159729003909,"w":0.6164842844009399},"size":26.51667022705078,"orthographic":false}