{"cameraMode":{"drawMode":0,"name":"Shaded","section":"Shading Mode"},"sceneLighting":false,"audioPlay":false,"sceneViewState":{"showFog":true,"showMaterialUpdate":false,"showSkybox":false,"showFlares":true,"showImageEffects":true,"showParticleSystems":true},"in2DMode":false,"pivot":{"x":0.4140186309814453,"y":-5.602630615234375,"z":-2.506439208984375},"rotation":{"x":0.2802116572856903,"y":0.4539279639720917,"z":-0.15289819240570069,"w":0.8318971395492554},"size":24.480119705200197,"orthographic":false}