{"cameraMode":{"drawMode":0,"name":"Shaded","section":"Shading Mode"},"sceneLighting":false,"audioPlay":false,"sceneViewState":{"showFog":true,"showMaterialUpdate":false,"showSkybox":false,"showFlares":true,"showImageEffects":true,"showParticleSystems":true},"in2DMode":false,"pivot":{"x":-0.008283734321594239,"y":0.06589052081108093,"z":0.029703762382268907},"rotation":{"x":0.4236094653606415,"y":0.41041991114616396,"z":-0.2241535633802414,"w":0.7758001089096069},"size":13.52747917175293,"orthographic":false}