{"cameraMode":{"drawMode":0,"name":"Shaded","section":"Shading Mode"},"sceneLighting":false,"audioPlay":false,"sceneViewState":{"showFog":true,"showMaterialUpdate":false,"showSkybox":false,"showFlares":true,"showImageEffects":true,"showParticleSystems":true},"in2DMode":false,"pivot":{"x":0.9242897033691406,"y":0.31035804748535159,"z":-1.6637458801269532},"rotation":{"x":0.19820885360240937,"y":0.7509099245071411,"z":-0.2592146396636963,"w":0.5741562247276306},"size":27.77347755432129,"orthographic":false}