{"cameraMode":{"drawMode":0,"name":"Shaded","section":"Shading Mode"},"sceneLighting":false,"audioPlay":false,"sceneViewState":{"showFog":true,"showMaterialUpdate":false,"showSkybox":false,"showFlares":true,"showImageEffects":true,"showParticleSystems":true},"in2DMode":false,"pivot":{"x":102.64739990234375,"y":2.470066785812378,"z":37.95319366455078},"rotation":{"x":0.18134437501430512,"y":0.02366161346435547,"z":-0.004398702643811703,"w":0.9831812381744385},"size":9.020922660827637,"orthographic":false}