{"cameraMode":{"drawMode":0,"name":"Shaded","section":"Shading Mode"},"sceneLighting":false,"audioPlay":false,"sceneViewState":{"showFog":true,"showMaterialUpdate":false,"showSkybox":false,"showFlares":true,"showImageEffects":true,"showParticleSystems":true},"in2DMode":false,"pivot":{"x":0.012409448623657227,"y":1.0969798564910889,"z":0.1083025187253952},"rotation":{"x":-0.2872779667377472,"y":-0.5502480864524841,"z":0.20918633043766023,"w":-0.7556053996086121},"size":58.76949691772461,"orthographic":false}