{"cameraMode":{"drawMode":0,"name":"Shaded","section":"Shading Mode"},"sceneLighting":false,"audioPlay":false,"sceneViewState":{"showFog":true,"showMaterialUpdate":false,"showSkybox":false,"showFlares":true,"showImageEffects":true,"showParticleSystems":true},"in2DMode":false,"pivot":{"x":0.00029927492141723633,"y":0.11817293614149094,"z":-0.07666485011577606},"rotation":{"x":0.4588284492492676,"y":0.34476280212402346,"z":-0.19914588332176209,"w":0.7943271994590759},"size":2.1474640369415285,"orthographic":false}