{"cameraMode":{"drawMode":0,"name":"Shaded","section":"Shading Mode"},"sceneLighting":true,"audioPlay":false,"sceneViewState":{"showFog":true,"showMaterialUpdate":false,"showSkybox":true,"showFlares":true,"showImageEffects":true,"showParticleSystems":true},"in2DMode":false,"pivot":{"x":37.00921630859375,"y":100.61904907226563,"z":51.065589904785159},"rotation":{"x":0.16309912502765656,"y":0.6404944062232971,"z":-0.141755148768425,"w":0.7369378209114075},"size":19.038646697998048,"orthographic":false}