{"cameraMode":{"drawMode":0,"name":"Shaded","section":"Shading Mode"},"sceneLighting":false,"audioPlay":false,"sceneViewState":{"showFog":true,"showMaterialUpdate":false,"showSkybox":false,"showFlares":true,"showImageEffects":true,"showParticleSystems":true},"in2DMode":false,"pivot":{"x":110.15341186523438,"y":4.24211311340332,"z":33.95870590209961},"rotation":{"x":0.08281874656677246,"y":0.6869798898696899,"z":-0.07928339391946793,"w":0.7176512479782105},"size":3.139631509780884,"orthographic":false}