{"cameraMode":{"drawMode":0,"name":"Shaded","section":"Shading Mode"},"sceneLighting":false,"audioPlay":false,"sceneViewState":{"showFog":true,"showMaterialUpdate":false,"showSkybox":false,"showFlares":true,"showImageEffects":true,"showParticleSystems":true},"in2DMode":false,"pivot":{"x":0.00042361021041870117,"y":0.31146198511123659,"z":0.0003869967767968774},"rotation":{"x":0.26371273398399355,"y":0.584163248538971,"z":-0.20856407284736634,"w":0.7387218475341797},"size":59.40801239013672,"orthographic":false}