{"cameraMode":{"drawMode":0,"name":"Shaded","section":"Shading Mode"},"sceneLighting":false,"audioPlay":false,"sceneViewState":{"showFog":true,"showMaterialUpdate":false,"showSkybox":false,"showFlares":true,"showImageEffects":true,"showParticleSystems":true},"in2DMode":false,"pivot":{"x":-3.929685115814209,"y":-2.2271792888641359,"z":4.416659832000732},"rotation":{"x":0.22224418818950654,"y":-0.3795904219150543,"z":0.0945085734128952,"w":0.8931593894958496},"size":9.495800018310547,"orthographic":false}