{"cameraMode":{"drawMode":0,"name":"Shaded","section":"Shading Mode"},"sceneLighting":false,"audioPlay":false,"sceneViewState":{"showFog":true,"showMaterialUpdate":false,"showSkybox":false,"showFlares":true,"showImageEffects":true,"showParticleSystems":true},"in2DMode":false,"pivot":{"x":-2.9802322387695315e-8,"y":0.23522856831550599,"z":-0.000002046078179773758},"rotation":{"x":0.2979084253311157,"y":0.5435788631439209,"z":-0.21451938152313233,"w":0.7548205256462097},"size":33.35017776489258,"orthographic":false}