{"cameraMode":{"drawMode":0,"name":"Shaded","section":"Shading Mode"},"sceneLighting":false,"audioPlay":false,"sceneViewState":{"showFog":true,"showMaterialUpdate":false,"showSkybox":false,"showFlares":true,"showImageEffects":true,"showParticleSystems":true},"in2DMode":false,"pivot":{"x":-1.941011667251587,"y":0.2857089042663574,"z":1.0059411525726319},"rotation":{"x":0.1096973642706871,"y":-0.5931017994880676,"z":0.08202938735485077,"w":0.7934831380844116},"size":5.073465347290039,"orthographic":false}