{"cameraMode":{"drawMode":0,"name":"Shaded","section":"Shading Mode"},"sceneLighting":false,"audioPlay":false,"sceneViewState":{"showFog":true,"showMaterialUpdate":false,"showSkybox":false,"showFlares":true,"showImageEffects":true,"showParticleSystems":true},"in2DMode":false,"pivot":{"x":0.0,"y":0.15052305161952973,"z":-2.3222749945261968e-8},"rotation":{"x":0.3134590983390808,"y":0.6438310146331787,"z":-0.32737159729003909,"w":0.6164842844009399},"size":33.72568893432617,"orthographic":false}