{"cameraMode":{"drawMode":0,"name":"Shaded","section":"Shading Mode"},"sceneLighting":false,"audioPlay":false,"sceneViewState":{"showFog":true,"showMaterialUpdate":false,"showSkybox":false,"showFlares":true,"showImageEffects":true,"showParticleSystems":true},"in2DMode":false,"pivot":{"x":-0.000896453857421875,"y":6.247814178466797,"z":0.047171592712402347},"rotation":{"x":0.20227652788162232,"y":0.4811374545097351,"z":-0.11513365060091019,"w":0.8452033400535584},"size":41.70975112915039,"orthographic":false}