{"cameraMode":{"drawMode":0,"name":"Shaded","section":"Shading Mode"},"sceneLighting":false,"audioPlay":false,"sceneViewState":{"showFog":true,"showMaterialUpdate":false,"showSkybox":false,"showFlares":true,"showImageEffects":true,"showParticleSystems":true},"in2DMode":false,"pivot":{"x":0.09367027133703232,"y":-0.55974942445755,"z":3.9777657985687258},"rotation":{"x":0.1080898568034172,"y":0.013184398412704468,"z":-0.001396436826325953,"w":0.9940687417984009},"size":8.982054710388184,"orthographic":false}