{"cameraMode":{"drawMode":0,"name":"Shaded","section":"Shading Mode"},"sceneLighting":false,"audioPlay":false,"sceneViewState":{"showFog":true,"showMaterialUpdate":false,"showSkybox":false,"showFlares":true,"showImageEffects":true,"showParticleSystems":true},"in2DMode":false,"pivot":{"x":-0.023628797382116319,"y":-0.1311173290014267,"z":0.9705040454864502},"rotation":{"x":-0.048290301114320758,"y":0.0054060230031609539,"z":-0.00026118167443200946,"w":-0.9988201260566711},"size":1.9116919040679932,"orthographic":false}