{"cameraMode":{"drawMode":0,"name":"Shaded","section":"Shading Mode"},"sceneLighting":false,"audioPlay":false,"sceneViewState":{"showFog":true,"showMaterialUpdate":false,"showSkybox":false,"showFlares":true,"showImageEffects":true,"showParticleSystems":true},"in2DMode":false,"pivot":{"x":0.001339554786682129,"y":1.4901179075241089,"z":0.6547456383705139},"rotation":{"x":-0.2872779667377472,"y":-0.5502480864524841,"z":0.20918633043766023,"w":-0.7556053996086121},"size":65.2367172241211,"orthographic":false}