{"cameraMode":{"drawMode":0,"name":"Shaded","section":"Shading Mode"},"sceneLighting":false,"audioPlay":false,"sceneViewState":{"showFog":true,"showMaterialUpdate":false,"showSkybox":false,"showFlares":true,"showImageEffects":true,"showParticleSystems":true},"in2DMode":false,"pivot":{"x":0.11072254180908203,"y":0.9662153720855713,"z":-0.008637386374175549},"rotation":{"x":0.30998462438583376,"y":0.5674567222595215,"z":-0.2432265281677246,"w":0.7230098843574524},"size":49.265872955322269,"orthographic":false}