{"cameraMode":{"drawMode":0,"name":"Shaded","section":"Shading Mode"},"sceneLighting":false,"audioPlay":false,"sceneViewState":{"showFog":true,"showMaterialUpdate":false,"showSkybox":false,"showFlares":true,"showImageEffects":true,"showParticleSystems":true},"in2DMode":false,"pivot":{"x":-1.1920928955078126e-7,"y":1.346537470817566,"z":0.0},"rotation":{"x":0.3512832820415497,"y":0.1589881032705307,"z":-0.060661885887384418,"w":0.9206753373146057},"size":53.773223876953128,"orthographic":false}