{"cameraMode":{"drawMode":0,"name":"Shaded","section":"Shading Mode"},"sceneLighting":false,"audioPlay":false,"sceneViewState":{"showFog":true,"showMaterialUpdate":false,"showSkybox":false,"showFlares":true,"showImageEffects":true,"showParticleSystems":true},"in2DMode":false,"pivot":{"x":-1.7243461608886719,"y":-16.794322967529298,"z":-4.522926330566406},"rotation":{"x":-0.2115538865327835,"y":0.035759638994932178,"z":-0.007745831273496151,"w":-0.9766815304756165},"size":50.60005569458008,"orthographic":false}