{"cameraMode":{"drawMode":0,"name":"Shaded","section":"Shading Mode"},"sceneLighting":false,"audioPlay":false,"sceneViewState":{"showFog":true,"showMaterialUpdate":false,"showSkybox":false,"showFlares":true,"showImageEffects":true,"showParticleSystems":true},"in2DMode":false,"pivot":{"x":0.007017984986305237,"y":0.13428133726119996,"z":0.015886282548308374},"rotation":{"x":-0.03943070396780968,"y":-0.9592307806015015,"z":0.1700902283191681,"w":-0.22224080562591554},"size":31.00484848022461,"orthographic":false}