{"cameraMode":{"drawMode":0,"name":"Shaded","section":"Shading Mode"},"sceneLighting":true,"audioPlay":false,"sceneViewState":{"showFog":true,"showMaterialUpdate":false,"showSkybox":true,"showFlares":true,"showImageEffects":true,"showParticleSystems":true},"in2DMode":false,"pivot":{"x":51.825862884521487,"y":94.51588439941406,"z":41.568782806396487},"rotation":{"x":0.15728972852230073,"y":0.759435772895813,"z":-0.1994342803955078,"w":0.5989532470703125},"size":29.911285400390626,"orthographic":false}