{"cameraMode":{"drawMode":0,"name":"Shaded","section":"Shading Mode"},"sceneLighting":false,"audioPlay":false,"sceneViewState":{"showFog":true,"showMaterialUpdate":false,"showSkybox":false,"showFlares":true,"showImageEffects":true,"showParticleSystems":true},"in2DMode":false,"pivot":{"x":-0.6342626214027405,"y":-1.2372993230819703,"z":5.395434856414795},"rotation":{"x":-0.10502550005912781,"y":0.041170693933963779,"z":-0.004351950716227293,"w":-0.9936129450798035},"size":6.19706916809082,"orthographic":false}