{"cameraMode":{"drawMode":0,"name":"Shaded","section":"Shading Mode"},"sceneLighting":false,"audioPlay":false,"sceneViewState":{"showFog":true,"showMaterialUpdate":false,"showSkybox":false,"showFlares":true,"showImageEffects":true,"showParticleSystems":true},"in2DMode":false,"pivot":{"x":0.0006594955921173096,"y":0.2703855037689209,"z":-0.028568048030138017},"rotation":{"x":0.1824876368045807,"y":0.11534444242715836,"z":-0.021590452641248704,"w":0.9761802554130554},"size":43.526763916015628,"orthographic":false}