{"cameraMode":{"drawMode":0,"name":"Shaded","section":"Shading Mode"},"sceneLighting":false,"audioPlay":false,"sceneViewState":{"showFog":true,"showMaterialUpdate":false,"showSkybox":false,"showFlares":true,"showImageEffects":true,"showParticleSystems":true},"in2DMode":false,"pivot":{"x":-0.00035224854946136475,"y":0.013770059682428837,"z":-0.013817518018186093},"rotation":{"x":-0.20112113654613496,"y":-0.5483337640762329,"z":0.13784633576869965,"w":-0.7999242544174194},"size":76.63017272949219,"orthographic":false}