{"cameraMode":{"drawMode":0,"name":"Shaded","section":"Shading Mode"},"sceneLighting":false,"audioPlay":false,"sceneViewState":{"showFog":true,"showMaterialUpdate":false,"showSkybox":false,"showFlares":true,"showImageEffects":true,"showParticleSystems":true},"in2DMode":false,"pivot":{"x":-0.0001305118203163147,"y":0.05892689526081085,"z":0.003563808975741267},"rotation":{"x":0.00003086448850808665,"y":-0.9944600462913513,"z":0.10511516034603119,"w":0.0002896800870075822},"size":21.262746810913087,"orthographic":false}