{"cameraMode":{"drawMode":0,"name":"Shaded","section":"Shading Mode"},"sceneLighting":false,"audioPlay":false,"sceneViewState":{"showFog":true,"showMaterialUpdate":false,"showSkybox":false,"showFlares":true,"showImageEffects":true,"showParticleSystems":true},"in2DMode":false,"pivot":{"x":0.09791216254234314,"y":-0.042744725942611697,"z":0.008179306983947754},"rotation":{"x":0.30601564049720766,"y":0.45025625824928286,"z":-0.1676447093486786,"w":0.8219947814941406},"size":0.7302967309951782,"orthographic":false}