{"cameraMode":{"drawMode":0,"name":"Shaded","section":"Shading Mode"},"sceneLighting":false,"audioPlay":false,"sceneViewState":{"showFog":true,"showMaterialUpdate":false,"showSkybox":false,"showFlares":true,"showImageEffects":true,"showParticleSystems":true},"in2DMode":false,"pivot":{"x":0.0008505249861627817,"y":5.2023773193359379,"z":2.6147584915161135},"rotation":{"x":0.20227652788162232,"y":0.4811374545097351,"z":-0.11513365060091019,"w":0.8452033400535584},"size":37.31700897216797,"orthographic":false}