{"cameraMode":{"drawMode":0,"name":"Shaded","section":"Shading Mode"},"sceneLighting":true,"audioPlay":false,"sceneViewState":{"showFog":true,"showMaterialUpdate":false,"showSkybox":true,"showFlares":true,"showImageEffects":true,"showParticleSystems":true},"in2DMode":false,"pivot":{"x":113.18128967285156,"y":48.62499237060547,"z":104.59153747558594},"rotation":{"x":0.21474455296993257,"y":0.47193047404289248,"z":-0.11970502883195877,"w":0.8466758728027344},"size":121.2566909790039,"orthographic":false}