{"cameraMode":{"drawMode":0,"name":"Shaded","section":"Shading Mode"},"sceneLighting":false,"audioPlay":false,"sceneViewState":{"showFog":true,"showMaterialUpdate":false,"showSkybox":false,"showFlares":true,"showImageEffects":true,"showParticleSystems":true},"in2DMode":false,"pivot":{"x":-3.605307102203369,"y":-0.5965425968170166,"z":0.5860456228256226},"rotation":{"x":0.14321832358837129,"y":-0.6642414331436157,"z":0.13183905184268952,"w":0.7218295335769653},"size":6.273466110229492,"orthographic":false}