{"cameraMode":{"drawMode":0,"name":"Shaded","section":"Shading Mode"},"sceneLighting":false,"audioPlay":false,"sceneViewState":{"showFog":true,"showMaterialUpdate":false,"showSkybox":false,"showFlares":true,"showImageEffects":true,"showParticleSystems":true},"in2DMode":false,"pivot":{"x":3.768808126449585,"y":-3.1975927352905275,"z":-1.100581169128418},"rotation":{"x":-0.22618822753429414,"y":-0.7440667152404785,"z":0.3066543936729431,"w":-0.548936665058136},"size":8.786806106567383,"orthographic":false}