{"cameraMode":{"drawMode":0,"name":"Shaded","section":"Shading Mode"},"sceneLighting":false,"audioPlay":false,"sceneViewState":{"showFog":true,"showMaterialUpdate":false,"showSkybox":false,"showFlares":true,"showImageEffects":true,"showParticleSystems":true},"in2DMode":false,"pivot":{"x":0.0,"y":0.12842729687690736,"z":0.0004963632673025131},"rotation":{"x":0.19483885169029237,"y":0.4809876084327698,"z":-0.1104777455329895,"w":0.8476340770721436},"size":15.002718925476075,"orthographic":false}