{"cameraMode":{"drawMode":0,"name":"Shaded","section":"Shading Mode"},"sceneLighting":false,"audioPlay":false,"sceneViewState":{"showFog":true,"showMaterialUpdate":false,"showSkybox":false,"showFlares":true,"showImageEffects":true,"showParticleSystems":true},"in2DMode":false,"pivot":{"x":0.008640527725219727,"y":1.6237870454788209,"z":0.4042944312095642},"rotation":{"x":0.33293116092681887,"y":0.49785667657852175,"z":-0.21482427418231965,"w":0.7714571356773377},"size":36.52227020263672,"orthographic":false}