{"cameraMode":{"drawMode":0,"name":"Shaded","section":"Shading Mode"},"sceneLighting":false,"audioPlay":false,"sceneViewState":{"showFog":true,"showMaterialUpdate":false,"showSkybox":false,"showFlares":true,"showImageEffects":true,"showParticleSystems":true},"in2DMode":false,"pivot":{"x":0.01825118064880371,"y":1.726194143295288,"z":0.9565589427947998},"rotation":{"x":0.05637264996767044,"y":0.9357750415802002,"z":-0.17550741136074067,"w":0.3005736172199249},"size":55.747501373291019,"orthographic":false}