{"cameraMode":{"drawMode":0,"name":"Shaded","section":"Shading Mode"},"sceneLighting":false,"audioPlay":false,"sceneViewState":{"showFog":true,"showMaterialUpdate":false,"showSkybox":false,"showFlares":true,"showImageEffects":true,"showParticleSystems":true},"in2DMode":false,"pivot":{"x":-1.4901161193847657e-7,"y":0.24196362495422364,"z":-0.012946714647114277},"rotation":{"x":0.3134590983390808,"y":0.6438310146331787,"z":-0.32737159729003909,"w":0.6164842844009399},"size":59.00037384033203,"orthographic":false}