{"cameraMode":{"drawMode":0,"name":"Shaded","section":"Shading Mode"},"sceneLighting":false,"audioPlay":false,"sceneViewState":{"showFog":true,"showMaterialUpdate":false,"showSkybox":false,"showFlares":true,"showImageEffects":true,"showParticleSystems":true},"in2DMode":false,"pivot":{"x":0.11994415521621704,"y":0.5247730612754822,"z":0.02629166841506958},"rotation":{"x":-0.23369476199150086,"y":-0.41183286905288699,"z":0.11013466119766236,"w":-0.873873233795166},"size":2.159074068069458,"orthographic":false}